{
  "train_loss": [
    0.21939300455235522,
    0.20284191099731946,
    0.20134669491681206,
    0.20072022660436795,
    0.20032271394146475,
    0.2000652480072528,
    0.19977061627571438,
    0.1997157026342521,
    0.19966424903934452,
    0.1994054388294021,
    0.19931026216360978,
    0.19933324109616485,
    0.19918467596161513
  ],
  "val_loss": [
    0.20370292134996917,
    0.2005793282304678,
    0.20008654710972867,
    0.1990531745898314,
    0.19917054802979947,
    0.19872216423330774,
    0.1985391248891141,
    0.19813636856131822,
    0.198876301998937,
    0.19816591567790126,
    0.19860977347678782,
    0.19878354667342807,
    0.1989043306127975
  ],
  "train_acc": [
    0.9157039275366561,
    0.9198446508531125,
    0.9202605523281336,
    0.9203904215077995,
    0.9205420117650502,
    0.9206697578321186,
    0.9206833130908133,
    0.9207436094959074,
    0.9207861370793894,
    0.9208430691669542,
    0.9208303304896251,
    0.9208069435852866,
    0.9208625691416196
  ],
  "val_acc": [
    0.9201503592764425,
    0.920002332960653,
    0.9204518943641617,
    0.9207607393934015,
    0.9209197306214717,
    0.9208978007969103,
    0.9211280639548051,
    0.9206437803290741,
    0.9202782832530507,
    0.9211865434869688,
    0.9203203154167934,
    0.9212468505045127,
    0.9204518943641617
  ],
  "val_top9_recall": [
    0.9999433479532164,
    0.9999524853801169,
    0.9999634502923976,
    0.9999671052631579,
    0.9999652777777778,
    0.9999707602339182,
    0.9999616228070175,
    0.9999725877192982,
    0.9999707602339182,
    0.9999780701754386,
    0.9999835526315789,
    0.9999780701754386,
    0.9999762426900585
  ]
}