{
  "mean": 1234.8006591796875,
  "std": 4786.8564453125
}